<?xml version="1.0" encoding="UTF-8" standalone="yes"?>
<addon id="s-fiebig.addon.repository"
    name="s-fiebig's Addon Repo"
    version="1.0.0"
    provider-name="s-fiebig">
    <extension point="xbmc.addon.metadata">
        <platform>all</platform>
        <summary lang="en">s-fiebig's Addon Repo</summary>
        <description lang="en">s-fiebig's test repository for Kodi.</description>
    </extension>
    <extension point="xbmc.addon.repository"
        name="s-fiebig's addon repository">
        <info compressed="true">https://raw.githubusercontent.com/s-fiebig/xbmc-private-repo/master/addons.xml</info>
        <checksum>https://raw.githubusercontent.com/s-fiebig/xbmc-private-repo/master/addons.xml.md5</checksum>
        <datadir zip="true">https://raw.githubusercontent.com/s-fiebig/xbmc-private-repo/master/</datadir>
    </extension>
</addon>
